{
  "vertices": [
    [ -1.000000, -1.000000,  0.000000 ],
    [  1.000000, -1.000000,  0.000000 ],
    [ -1.000000,  1.000000,  0.000000 ],
    [  1.000000,  1.000000,  0.000000 ]
  ],
  "verticeGroups": [
    [ 2, 3, 1, 0 ]
  ],
  "normals": [
    [  0.000000,  0.000000,  1.000000 ]
  ],
  "normalGroups": [
    [ 0, 0, 0, 0 ]
  ]
}
