{
  "vertices": [
    [  0.000000,  0.000000, -1.000000 ],
    [  0.723607, -0.525725, -0.447220 ],
    [ -0.276388, -0.850649, -0.447220 ],
    [ -0.894426,  0.000000, -0.447216 ],
    [ -0.276388,  0.850649, -0.447220 ],
    [  0.723607,  0.525725, -0.447220 ],
    [  0.276388, -0.850649,  0.447220 ],
    [ -0.723607, -0.525725,  0.447220 ],
    [ -0.723607,  0.525725,  0.447220 ],
    [  0.276388,  0.850649,  0.447220 ],
    [  0.894426,  0.000000,  0.447216 ],
    [  0.000000,  0.000000,  1.000000 ],
    [ -0.162456, -0.499995, -0.850654 ],
    [  0.425323, -0.309011, -0.850654 ],
    [  0.262869, -0.809012, -0.525738 ],
    [  0.850648,  0.000000, -0.525736 ],
    [  0.425323,  0.309011, -0.850654 ],
    [ -0.525730,  0.000000, -0.850652 ],
    [ -0.688189, -0.499997, -0.525736 ],
    [ -0.162456,  0.499995, -0.850654 ],
    [ -0.688189,  0.499997, -0.525736 ],
    [  0.262869,  0.809012, -0.525738 ],
    [  0.951058, -0.309013,  0.000000 ],
    [  0.951058,  0.309013,  0.000000 ],
    [  0.000000, -1.000000,  0.000000 ],
    [  0.587786, -0.809017,  0.000000 ],
    [ -0.951058, -0.309013,  0.000000 ],
    [ -0.587786, -0.809017,  0.000000 ],
    [ -0.587786,  0.809017,  0.000000 ],
    [ -0.951058,  0.309013,  0.000000 ],
    [  0.587786,  0.809017,  0.000000 ],
    [  0.000000,  1.000000,  0.000000 ],
    [  0.688189, -0.499997,  0.525736 ],
    [ -0.262869, -0.809012,  0.525738 ],
    [ -0.850648,  0.000000,  0.525736 ],
    [ -0.262869,  0.809012,  0.525738 ],
    [  0.688189,  0.499997,  0.525736 ],
    [  0.162456, -0.499995,  0.850654 ],
    [  0.525730,  0.000000,  0.850652 ],
    [ -0.425323, -0.309011,  0.850654 ],
    [ -0.425323,  0.309011,  0.850654 ],
    [  0.162456,  0.499995,  0.850654 ]
  ],
  "verticeGroups": [
    [ 12, 13, 0 ],
    [ 15, 13, 1 ],
    [ 17, 12, 0 ],
    [ 19, 17, 0 ],
    [ 16, 19, 0 ],
    [ 22, 15, 1 ],
    [ 24, 14, 2 ],
    [ 26, 18, 3 ],
    [ 28, 20, 4 ],
    [ 30, 21, 5 ],
    [ 25, 22, 1 ],
    [ 27, 24, 2 ],
    [ 29, 26, 3 ],
    [ 31, 28, 4 ],
    [ 23, 30, 5 ],
    [ 37, 32, 6 ],
    [ 39, 33, 7 ],
    [ 40, 34, 8 ],
    [ 41, 35, 9 ],
    [ 38, 36, 10 ],
    [ 11, 41, 38 ],
    [ 41, 36, 38 ],
    [ 41, 9, 36 ],
    [ 11, 40, 41 ],
    [ 40, 35, 41 ],
    [ 40, 8, 35 ],
    [ 11, 39, 40 ],
    [ 39, 34, 40 ],
    [ 39, 7, 34 ],
    [ 11, 37, 39 ],
    [ 37, 33, 39 ],
    [ 37, 6, 33 ],
    [ 11, 38, 37 ],
    [ 38, 32, 37 ],
    [ 38, 10, 32 ],
    [ 10, 36, 23 ],
    [ 36, 30, 23 ],
    [ 36, 9, 30 ],
    [ 9, 35, 31 ],
    [ 35, 28, 31 ],
    [ 35, 8, 28 ],
    [ 8, 34, 29 ],
    [ 34, 26, 29 ],
    [ 34, 7, 26 ],
    [ 7, 33, 27 ],
    [ 33, 24, 27 ],
    [ 33, 6, 24 ],
    [ 6, 32, 25 ],
    [ 32, 22, 25 ],
    [ 32, 10, 22 ],
    [ 9, 31, 30 ],
    [ 31, 21, 30 ],
    [ 31, 4, 21 ],
    [ 8, 29, 28 ],
    [ 29, 20, 28 ],
    [ 29, 3, 20 ],
    [ 7, 27, 26 ],
    [ 27, 18, 26 ],
    [ 27, 2, 18 ],
    [ 6, 25, 24 ],
    [ 25, 14, 24 ],
    [ 25, 1, 14 ],
    [ 10, 23, 22 ],
    [ 23, 15, 22 ],
    [ 23, 5, 15 ],
    [ 5, 21, 16 ],
    [ 21, 19, 16 ],
    [ 21, 4, 19 ],
    [ 4, 20, 19 ],
    [ 20, 17, 19 ],
    [ 20, 3, 17 ],
    [ 3, 18, 17 ],
    [ 18, 12, 17 ],
    [ 18, 2, 12 ],
    [ 5, 16, 15 ],
    [ 16, 13, 15 ],
    [ 16, 0, 13 ],
    [ 2, 14, 12 ],
    [ 14, 13, 12 ],
    [ 14, 1, 13 ]
  ],
  "normals": [
    [  0.102381, -0.315090, -0.943523 ],
    [  0.700224, -0.268032, -0.661699 ],
    [ -0.268034, -0.194736, -0.943523 ],
    [ -0.268034,  0.194737, -0.943523 ],
    [  0.102381,  0.315090, -0.943523 ],
    [  0.904989, -0.268032, -0.330385 ],
    [  0.024747, -0.943521, -0.330386 ],
    [ -0.889697, -0.315095, -0.330385 ],
    [ -0.574602,  0.748784, -0.330388 ],
    [  0.534576,  0.777865, -0.330387 ],
    [  0.802609, -0.583126, -0.125627 ],
    [ -0.306569, -0.943522, -0.125629 ],
    [ -0.992077, -0.000000, -0.125628 ],
    [ -0.306569,  0.943522, -0.125629 ],
    [  0.802609,  0.583126, -0.125627 ],
    [  0.408946, -0.628425,  0.661698 ],
    [ -0.471300, -0.583122,  0.661699 ],
    [ -0.700224,  0.268032,  0.661699 ],
    [  0.038530,  0.748779,  0.661699 ],
    [  0.724042,  0.194736,  0.661695 ],
    [  0.268034,  0.194737,  0.943523 ],
    [  0.491119,  0.356821,  0.794657 ],
    [  0.408946,  0.628425,  0.661699 ],
    [ -0.102381,  0.315090,  0.943523 ],
    [ -0.187594,  0.577345,  0.794658 ],
    [ -0.471300,  0.583122,  0.661699 ],
    [ -0.331305,  0.000000,  0.943524 ],
    [ -0.607060,  0.000000,  0.794656 ],
    [ -0.700224, -0.268032,  0.661699 ],
    [ -0.102381, -0.315090,  0.943523 ],
    [ -0.187594, -0.577345,  0.794658 ],
    [  0.038530, -0.748779,  0.661699 ],
    [  0.268034, -0.194737,  0.943523 ],
    [  0.491119, -0.356821,  0.794657 ],
    [  0.724042, -0.194736,  0.661695 ],
    [  0.889697,  0.315095,  0.330385 ],
    [  0.794656,  0.577348,  0.187595 ],
    [  0.574602,  0.748784,  0.330388 ],
    [ -0.024747,  0.943521,  0.330386 ],
    [ -0.303531,  0.934171,  0.187597 ],
    [ -0.534576,  0.777865,  0.330387 ],
    [ -0.904989,  0.268032,  0.330385 ],
    [ -0.982246,  0.000000,  0.187599 ],
    [ -0.904989, -0.268031,  0.330385 ],
    [ -0.534576, -0.777865,  0.330387 ],
    [ -0.303531, -0.934171,  0.187597 ],
    [ -0.024747, -0.943521,  0.330386 ],
    [  0.574602, -0.748784,  0.330388 ],
    [  0.794656, -0.577348,  0.187595 ],
    [  0.889697, -0.315095,  0.330385 ],
    [  0.306569,  0.943522,  0.125629 ],
    [  0.303531,  0.934171, -0.187597 ],
    [  0.024747,  0.943521, -0.330386 ],
    [ -0.802609,  0.583126,  0.125627 ],
    [ -0.794656,  0.577348, -0.187595 ],
    [ -0.889697,  0.315095, -0.330385 ],
    [ -0.802609, -0.583126,  0.125627 ],
    [ -0.794656, -0.577348, -0.187595 ],
    [ -0.574602, -0.748784, -0.330388 ],
    [  0.306569, -0.943522,  0.125629 ],
    [  0.303531, -0.934171, -0.187597 ],
    [  0.534576, -0.777865, -0.330387 ],
    [  0.992077,  0.000000,  0.125628 ],
    [  0.982246,  0.000000, -0.187599 ],
    [  0.904989,  0.268031, -0.330385 ],
    [  0.471300,  0.583122, -0.661699 ],
    [  0.187594,  0.577345, -0.794658 ],
    [ -0.038530,  0.748779, -0.661699 ],
    [ -0.408946,  0.628425, -0.661698 ],
    [ -0.491119,  0.356821, -0.794657 ],
    [ -0.724042,  0.194736, -0.661695 ],
    [ -0.724042, -0.194736, -0.661695 ],
    [ -0.491119, -0.356821, -0.794657 ],
    [ -0.408946, -0.628425, -0.661698 ],
    [  0.700224,  0.268032, -0.661699 ],
    [  0.607060,  0.000000, -0.794656 ],
    [  0.331305,  0.000000, -0.943524 ],
    [ -0.038530, -0.748779, -0.661699 ],
    [  0.187594, -0.577345, -0.794658 ],
    [  0.471300, -0.583122, -0.661699 ]
  ],