{
  "vertices": [
    [  0.000000,  1.000000, -1.000000 ],
    [  0.195090,  0.980785, -1.000000 ],
    [  0.382683,  0.923880, -1.000000 ],
    [  0.555570,  0.831470, -1.000000 ],
    [  0.707107,  0.707107, -1.000000 ],
    [  0.831470,  0.555570, -1.000000 ],
    [  0.923880,  0.382683, -1.000000 ],
    [  0.980785,  0.195090, -1.000000 ],
    [  1.000000,  0.000000, -1.000000 ],
    [  0.980785, -0.195090, -1.000000 ],
    [  0.923880, -0.382683, -1.000000 ],
    [  0.831470, -0.555570, -1.000000 ],
    [  0.707107, -0.707107, -1.000000 ],
    [  0.555570, -0.831470, -1.000000 ],
    [  0.382683, -0.923880, -1.000000 ],
    [  0.195090, -0.980785, -1.000000 ],
    [ -0.000000, -1.000000, -1.000000 ],
    [ -0.195091, -0.980785, -1.000000 ],
    [ -0.382684, -0.923879, -1.000000 ],
    [ -0.555571, -0.831469, -1.000000 ],
    [ -0.707107, -0.707106, -1.000000 ],
    [ -0.831470, -0.555570, -1.000000 ],
    [ -0.923880, -0.382683, -1.000000 ],
    [  0.000000,  0.000000,  1.000000 ],
    [ -0.980785, -0.195089, -1.000000 ],
    [ -1.000000,  0.000001, -1.000000 ],
    [ -0.980785,  0.195091, -1.000000 ],
    [ -0.923879,  0.382684, -1.000000 ],
    [ -0.831469,  0.555571, -1.000000 ],
    [ -0.707106,  0.707108, -1.000000 ],
    [ -0.555569,  0.831470, -1.000000 ],
    [ -0.382682,  0.923880, -1.000000 ],
    [ -0.195089,  0.980786, -1.000000 ]
  ],
  "verticeGroups": [
    [ 1, 23, 0 ],
    [ 2, 23, 1 ],
    [ 3, 23, 2 ],
    [ 4, 23, 3 ],
    [ 5, 23, 4 ],
    [ 6, 23, 5 ],
    [ 7, 23, 6 ],
    [ 8, 23, 7 ],
    [ 9, 23, 8 ],
    [ 10, 23, 9 ],
    [ 11, 23, 10 ],
    [ 12, 23, 11 ],
    [ 13, 23, 12 ],
    [ 14, 23, 13 ],
    [ 15, 23, 14 ],
    [ 16, 23, 15 ],
    [ 17, 23, 16 ],
    [ 18, 23, 17 ],
    [ 19, 23, 18 ],
    [ 20, 23, 19 ],
    [ 21, 23, 20 ],
    [ 22, 23, 21 ],
    [ 24, 23, 22 ],
    [ 25, 23, 24 ],
    [ 26, 23, 25 ],
    [ 27, 23, 26 ],
    [ 28, 23, 27 ],
    [ 29, 23, 28 ],
    [ 30, 23, 29 ],
    [ 31, 23, 30 ],
    [ 32, 23, 31 ],
    [ 0, 23, 32 ],
    [ 32, 31, 30, 29, 28, 27, 26, 25, 24, 22, 21, 20, 19, 18, 17, 16, 15, 14, 13, 12, 11, 10, 9, 8, 7, 6, 5, 4, 3, 2, 1, 0 ]
  ],
  "normals": [
    [  0.087754,  0.890977,  0.445488 ],
    [  0.259888,  0.856737,  0.445488 ],
    [  0.422036,  0.789573,  0.445488 ],
    [  0.567965,  0.692067,  0.445488 ],
    [  0.692067,  0.567965,  0.445488 ],
    [  0.789573,  0.422036,  0.445488 ],
    [  0.856737,  0.259888,  0.445488 ],
    [  0.890977,  0.087754,  0.445488 ],
    [  0.890977, -0.087753,  0.445488 ],
    [  0.856737, -0.259888,  0.445488 ],
    [  0.789573, -0.422035,  0.445488 ],
    [  0.692067, -0.567965,  0.445488 ],
    [  0.567965, -0.692067,  0.445488 ],
    [  0.422036, -0.789573,  0.445488 ],
    [  0.259888, -0.856737,  0.445488 ],
    [  0.087753, -0.890977,  0.445488 ],
    [ -0.087754, -0.890977,  0.445488 ],
    [ -0.259889, -0.856737,  0.445488 ],
    [ -0.422036, -0.789573,  0.445488 ],
    [ -0.567965, -0.692066,  0.445488 ],
    [ -0.692067, -0.567964,  0.445488 ],
    [ -0.789574, -0.422035,  0.445488 ],
    [ -0.856737, -0.259887,  0.445488 ],
    [ -0.890977, -0.087753,  0.445488 ],
    [ -0.890977,  0.087754,  0.445488 ],
    [ -0.856737,  0.259889,  0.445488 ],
    [ -0.789573,  0.422037,  0.445488 ],
    [ -0.692066,  0.567965,  0.445488 ],
    [ -0.567964,  0.692067,  0.445488 ],
    [ -0.422035,  0.789574,  0.445488 ],
    [ -0.259887,  0.856737,  0.445488 ],
    [ -0.087753,  0.890977,  0.445488 ],
    [  0.000000,  0.000000, -1.000000 ]
  ],
  "normalGroups": [
    [ 0, 0, 0 ],
    [ 1, 1, 1 ],
    [ 2, 2, 2 ],
    [ 3, 3, 3 ],
    [ 4, 4, 4 ],
    [ 5, 5, 5 ],
    [ 6, 6, 6 ],
    [ 7, 7, 7 ],
    [ 8, 8, 8 ],
    [ 9, 9, 9 ],
    [ 10, 10, 10 ],
    [ 11, 11, 11 ],
    [ 12, 12, 12 ],
    [ 13, 13, 13 ],
    [ 14, 14, 14 ],
    [ 15, 15, 15 ],
    [ 16, 16, 16 ],
    [ 17, 17, 17 ],
    [ 18, 18, 18 ],
    [ 19, 19, 19 ],
    [ 20, 20, 20 ],
    [ 21, 21, 21 ],
    [ 22, 22, 22 ],
    [ 23, 23, 23 ],
    [ 24, 24, 24 ],
    [ 25, 25, 25 ],
    [ 26, 26, 26 ],
    [ 27, 27, 27 ],
    [ 28, 28, 28 ],
    [ 29, 29, 29 ],
    [ 30, 30, 30 ],
    [ 31, 31, 31 ],
    [ 32, 32, 32, 32, 32, 32, 32, 32, 32, 32, 32, 32, 32, 32, 32, 32, 32, 32, 32, 32, 32, 32, 32, 32, 32, 32, 32, 32, 32, 32, 32, 32 ]
  ]
}
