{
  "vertices": [
    [ -1.000000, -1.000000, -1.000000 ],
    [ -1.000000, -1.000000,  1.000000 ],
    [ -1.000000,  1.000000, -1.000000 ],
    [ -1.000000,  1.000000,  1.000000 ],
    [  1.000000, -1.000000, -1.000000 ],
    [  1.000000, -1.000000,  1.000000 ],
    [  1.000000,  1.000000, -1.000000 ],
    [  1.000000,  1.000000,  1.000000 ]
  ],
  "verticeGroups": [
    [ 2, 3, 1, 0 ],
    [ 6, 7, 3, 2 ],
    [ 4, 5, 7, 6 ],
    [ 0, 1, 5, 4 ],
    [ 0, 4, 6, 2 ],
    [ 5, 1, 3, 7 ]
  ],
  "normals": [
    [ -1.000000, -0.000000,  0.000000 ],
    [  0.000000,  1.000000,  0.000000 ],
    [  1.000000, -0.000000,  0.000000 ],
    [  0.000000, -1.000000,  0.000000 ],
    [  0.000000,  0.000000, -1.000000 ],
    [  0.000000, -0.000000,  1.000000 ]
  ],
  "normalGroups": [
    [ 0, 0, 0, 0 ],
    [ 1, 1, 1, 1 ],
    [ 2, 2, 2, 2 ],
    [ 3, 3, 3, 3 ],
    [ 4, 4, 4, 4 ],
    [ 5, 5, 5, 5 ]
  ]
}
